Ratio,Value
Return on Equity (ROE),0.13514945424467353
Return on Assets (ROA),0.008285913913202575
Cost-to-Income Ratio,0.5005922191514562
Equity Ratio,0.061309266541334444
